StateName,StateAbbr,Gov1NameP,Gov1Group,Gov2NameP,Gov2Group,Gov1Pct,Gov2Pct,GovUndecidedPct,Sen1NameP,Sen1Group,Sen2NameP,Sen2Group,Sen1Pct,Sen2Pct,SenUndecidedPct
California,CA,Gavin Newsom,D,John Cox,R,0.252427184466019,0.16504854368932,0.58252427184466,Dianne Feinstein,D,Kevin de Leon,D,0.169811320754717,0.179245283018868,0.650943396226415
Texas,TX,Greg Abbott,R,Lupe Valdez,D,0.262068965517241,0.2,0.537931034482759,Ted Cruz,R,Beto O'Rourke,D,0.281879194630873,0.422818791946309,0.295302013422819
New York,NY,Andrew Cuomo,D,Mark Molinaro,R,0.421052631578947,0.105263157894737,0.473684210526316,Kirsten Gillibrand,D,Chele Farley,R,0.31578947368421,0.105263157894737,0.578947368421053
Florida,FL,Andrew Gillum,D,Ron DeSantis,R,0.3625,0.1875,0.45,Bill Nelson,D,Rick Scott,R,0.289156626506024,0.240963855421687,0.469879518072289
Illinois,IL,JB Pritzker,D,Bruce Rauner,R,0.333333333333333,0.037037037037037,0.62962962962963,,,,,,,
Pennsylvania,PA,Tom Wolf,D,Scott Wagner,R,0.35,0.125,0.525,Bob Casey,D,Lou Barletta,R,0.375,0.125,0.5
Ohio,OH,Mike DeWine,R,Richard Cordray,D,0.25,0.194444444444444,0.555555555555556,Sherrod Brown,D,Jim Renacci,R,0.289473684210526,0.210526315789474,0.5
Georgia,GA,Brian Kemp,R,Stacey Abrams,D,0.15625,0.40625,0.4375,,,,,,,
