{
    "metadata":{
        "type":"BufferGeometry",
        "generator":"io_three",
        "version":3,
        "position":39,
        "uv":39,
        "normal":39
    },
    "data":{
        "index":{
            "itemSize":1,
            "type":"Uint16Array",
            "array":[0,1,2,3,4,5,6,2,1,7,8,9,10,11,12,3,13,0,9,14,15,16,17,7,18,1,13,19,4,20,14,1,21,22,23,24,10,20,4,19,13,5,25,6,23,26,24,27,17,23,8,23,14,8,27,17,28,18,29,21,30,20,31,15,21,29,32,31,20,30,18,19,33,34,35,0,13,1,3,11,4,6,36,2,7,17,8,10,4,11,3,5,13,9,8,14,16,28,17,18,21,1,19,5,4,14,6,1,22,25,23,10,32,20,19,18,13,25,36,6,26,22,24,17,24,23,23,6,14,27,24,17,18,37,29,30,19,20,15,14,21,32,38,31,30,37,18]
        },
        "attributes":{
            "position":{
                "itemSize":3,
                "type":"Float32Array",
                "array":[0.404681,1.66771,-0.844555,0.0969138,1.52887,-0.895555,0.0907532,1.67154,-0.865972,0.674588,1.67857,-0.770096,1.01419,1.54957,-0.664592,0.696285,1.54852,-0.795006,-0.181851,1.54589,-0.890043,-0.836925,1.20798,-0.752557,-0.542968,1.31602,-0.835657,-0.535428,1.19677,-0.816261,1.25555,1.55929,-0.46337,0.999035,1.70115,-0.621433,1.23188,1.71067,-0.456007,0.409704,1.52603,-0.846315,-0.186486,1.29912,-0.871813,-0.162325,1.1763,-0.854198,-1.10548,1.21068,-0.645721,-0.847065,1.33816,-0.754731,0.417288,1.30447,-0.851766,0.708039,1.34165,-0.823321,1.05561,1.30315,-0.687198,0.0869348,1.29542,-0.893447,-0.801423,1.71211,-0.716503,-0.517052,1.54015,-0.830711,-0.831141,1.59038,-0.735214,-0.49254,1.67573,-0.813042,-1.03303,1.72057,-0.584866,-1.0663,1.55687,-0.607094,-1.0907,1.33557,-0.62871,0.0941348,1.17262,-0.86848,0.719431,1.1994,-0.82253,1.06618,1.19788,-0.675383,1.29826,1.32668,-0.482544,1.36449,-0.583988,-0.633772,1.34482,-0.551159,-0.664721,1.32483,-0.519379,-0.696818,-0.185321,1.67404,-0.853901,0.428448,1.18306,-0.850488,1.30705,1.21457,-0.484361]
            },
            "uv":{
                "itemSize":2,
                "type":"Float32Array",
                "array":[0.366327,0.885114,0.493228,0.632349,0.496438,0.889192,0.255842,0.911853,0.117206,0.69233,0.246274,0.677965,0.609364,0.662407,0.885592,0.0708196,0.761134,0.256718,0.758549,0.045979,0.0217443,0.728265,0.124491,0.966237,0.0316837,0.998592,0.36428,0.632528,0.611895,0.224329,0.602352,0.00712869,1,0.0844408,0.889679,0.302564,0.361124,0.237295,0.240807,0.306859,0.0995592,0.251356,0.497575,0.216553,0.871403,0.97241,0.750335,0.656583,0.883382,0.753756,0.740489,0.8998,0.971045,0.998592,0.984442,0.70484,0.994193,0.308544,0.495273,-5.96046e-08,0.236173,0.0535024,0.0955179,0.0648607,0.00363496,0.312211,0.958893,1,0.97941,0.998593,1,1,0.611626,0.893973,0.356585,0.0211014,5.96046e-08,0.11231]
            },
            "normal":{
                "itemSize":3,
                "type":"Float32Array",
                "array":[0.198553,0.0455641,-0.979003,0.0438246,0.0788903,-0.995911,0.0251473,0.214026,-0.97647,0.279519,0.203528,-0.938292,0.497574,0.218177,-0.839503,0.270577,0.185492,-0.944639,-0.0912503,0.0907926,-0.991668,-0.306253,-0.0562761,-0.950255,-0.174718,-0.0550554,-0.983062,-0.156224,-0.167699,-0.973357,0.606037,0.176122,-0.775658,0.502091,0.26075,-0.824549,0.570849,0.128666,-0.810877,0.166326,0.0492264,-0.984832,-0.0967132,-0.0995514,-0.990295,-0.0889615,-0.165929,-0.982086,-0.432478,0.111576,-0.894681,-0.353404,0.0439467,-0.934416,0.100864,-0.00289926,-0.994873,0.244392,0.0714438,-0.967009,0.514512,0.0589007,-0.855434,0.024659,-0.101291,-0.994537,-0.362499,0.222388,-0.905026,-0.209418,0.0967742,-0.973022,-0.381573,0.164861,-0.909482,-0.216803,0.178625,-0.959716,-0.48558,0.223121,-0.84521,-0.480056,0.160192,-0.862453,-0.455153,0.155156,-0.876766,0.0301523,-0.176031,-0.983917,0.24073,0.00534074,-0.97055,0.530229,-0.0318613,-0.847224,0.625599,0.111026,-0.772149,-0.901883,-0.163182,0.399884,-0.901883,-0.163182,0.399884,-0.901883,-0.163182,0.399884,-0.0842311,0.268349,-0.959624,0.0754723,-0.00354015,-0.997131,0.617573,0.0611286,-0.784112]
            }
        }
    }
}