{
    "metadata":{
        "type":"BufferGeometry",
        "generator":"io_three",
        "version":3,
        "position":36,
        "uv":36,
        "normal":36
    },
    "data":{
        "index":{
            "itemSize":1,
            "type":"Uint16Array",
            "array":[0,1,2,3,4,5,6,7,1,8,9,10,11,12,13,5,2,3,14,15,16,17,8,10,18,6,0,19,4,20,21,22,6,23,24,25,11,20,4,19,0,5,7,25,24,26,27,23,23,15,8,22,15,25,28,23,8,29,21,18,30,19,20,14,21,31,32,30,20,33,18,19,0,6,1,3,12,4,6,22,7,8,15,9,11,4,12,5,0,2,14,9,15,17,28,8,18,21,6,19,5,4,21,16,22,23,27,24,11,32,20,19,18,0,7,22,25,26,34,27,23,25,15,22,16,15,28,26,23,29,31,21,30,33,19,14,16,21,32,35,30,33,29,18]
        },
        "attributes":{
            "position":{
                "itemSize":3,
                "type":"Float32Array",
                "array":[-0.304193,1.57984,1.20836,0.0296857,1.73151,1.20134,-0.295228,1.73226,1.16785,-0.564733,1.72742,1.07886,-0.912516,1.61726,0.958365,-0.568896,1.59243,1.09853,0.0359076,1.56275,1.23931,0.279256,1.7279,1.19085,0.95251,1.31453,1.01261,0.626749,1.18463,1.16594,0.958838,1.196,1.02438,-1.12182,1.62847,0.754499,-0.879172,1.75893,0.927178,-1.10711,1.77314,0.74123,0.30211,1.17744,1.24986,0.612255,1.32398,1.15043,0.301652,1.30334,1.25712,1.15926,1.21379,0.871282,-0.313985,1.31506,1.22295,-0.602227,1.34206,1.14119,-0.939996,1.36467,0.960875,0.0405438,1.30057,1.26493,0.292528,1.56477,1.24262,0.916552,1.57278,0.985637,0.587249,1.7291,1.10627,0.597905,1.5677,1.13968,1.11284,1.5868,0.833322,0.886097,1.7379,0.94418,1.15536,1.35951,0.864879,-0.320203,1.19137,1.22165,-0.95318,1.24263,0.962045,0.0432278,1.16898,1.24891,-1.17175,1.3785,0.788107,-0.609117,1.2107,1.152,1.08881,1.7459,0.811785,-1.18766,1.25504,0.789921]
            },
            "uv":{
                "itemSize":2,
                "type":"Float32Array",
                "array":[0.430288,0.632932,0.571576,0.876743,0.430182,0.876069,0.304847,0.878772,0.141407,0.722982,0.304414,0.66661,0.577603,0.609252,0.675421,0.879479,0.932217,0.292632,0.813682,0.0547169,0.935328,0.107658,0.0265889,0.773859,0.152702,0.948372,0.0323964,1,0.68768,0.0194221,0.806831,0.272339,0.689602,0.212295,1,0.169368,0.425616,0.221338,0.293618,0.271312,0.127809,0.332052,0.580482,0.199923,0.686276,0.618224,0.915916,0.69535,0.794261,0.905237,0.801629,0.650084,0.978912,0.750999,0.89918,0.95728,0.998866,0.395341,0.421679,0.0305729,0.121272,0.143185,0.578303,0,0.00761366,0.380476,0.290911,0.0663735,0.967433,0.999999,0,0.189237]
            },
            "normal":{
                "itemSize":3,
                "type":"Float32Array",
                "array":[-0.214118,0.173894,0.96118,-0.0216681,0.225196,0.974059,-0.223762,0.246529,0.94293,-0.343669,0.163091,0.924802,-0.550645,0.191107,0.812525,-0.353954,0.184271,0.916898,-0.0431532,0.160527,0.986084,0.146367,0.279183,0.949004,0.483444,0.128849,0.86581,0.313578,0.134129,0.940031,0.491653,0.112003,0.863521,-0.633015,0.171972,0.754784,-0.525895,0.273965,0.8052,-0.621387,0.133976,0.771935,0.164983,-0.0417188,0.985382,0.343364,0.0974456,0.934111,0.179785,0.00134281,0.983703,0.585284,0.0677206,0.807947,-0.181066,0.0390637,0.982665,-0.367656,0.117588,0.922483,-0.545427,0.0850551,0.833796,-0.0462355,-0.00894192,0.998871,0.156957,0.189245,0.969298,0.498062,0.217872,0.83929,0.347484,0.224555,0.910367,0.362743,0.145268,0.920469,0.568499,0.226142,0.790948,0.504501,0.277413,0.817591,0.577593,0.127262,0.806299,-0.17188,-0.0148625,0.984985,-0.532426,0.0715964,0.84341,-0.0399182,-0.121525,0.99176,-0.582904,0.150761,0.798395,-0.364116,0.0838038,0.927549,0.531327,0.191931,0.825129,-0.586474,0.0873745,0.805231]
            }
        }
    }
}